"sample_id","percent_live","percent_lymphocytes_monocytes_of_live","percent_lymphocytes","percent_cd3_t_of_lymphocytes","percent_cd4_of_cd3_t","percent_ctla_4_of_cd4_t","percent_fox_p3_of_cd4_t","percent_fox_p3_of_cd4_t_2","percent_icos_of_cd4_t","percent_ki_67_of_cd4_t","percent_lag_3_of_cd4_t","percent_pd_1_of_cd4_t","percent_pd_1_of_cd4_t_2","percent_tim_3_of_cd4_t","percent_cd8_of_cd3_t","percent_ctla_4_of_cd8_t","percent_fox_p3_of_cd8_t","percent_fox_p3_of_cd8_t_2","percent_icos_of_cd8_t","percent_ki_67_of_cd8_t","percent_lag_3_of_cd8_t","percent_pd_1_of_cd8_t","percent_pd_1_of_cd8_t_2","percent_tim_3_of_cd8_t"
"18-140_01A-Iso_019.fcs",188962,181294,151378,115830,93035,282,126,92909,458,2562,513,484,92551,330,19460,141,24,19436,110,1255,81,141,19319,131
"18-140_01A-1_020.fcs",189104,181651,152430,117403,94982,6028,9263,85719,3456,2595,1355,17158,77824,301,19821,410,268,19553,490,1228,289,8331,11490,273
"18-140_01A-2_021.fcs",189419,181474,150945,115765,93148,5903,9068,84080,3342,2564,898,16505,76643,328,19981,416,279,19702,429,1258,226,8391,11590,237
"18-140_01B-Iso_022.fcs",190203,183788,122784,85872,67512,191,107,67405,330,2697,373,352,67160,228,15881,111,18,15863,86,1199,62,127,15754,114
"18-140_01B-1_023.fcs",189564,182954,122306,85823,67533,4792,5354,62179,2599,2639,730,11744,55789,239,16363,353,202,16161,397,1211,151,7715,8648,351
"18-140_01B-2_024.fcs",184861,178337,119588,84463,66412,4927,5411,61001,2436,2650,855,11241,55171,215,16120,439,194,15926,389,1235,223,7608,8512,315
"18-140_01C-Iso_025.fcs",174168,170382,126718,95021,75238,199,172,75066,330,2533,421,407,74831,189,17333,135,27,17306,101,1110,71,150,17183,136
"18-140_01C-1_026.fcs",193532,188863,137790,103039,81490,5024,7099,74391,2841,2608,955,15960,65530,226,19243,412,197,19046,419,1194,190,8988,10255,318
"18-140_01C-2_027.fcs",193293,189007,138868,103990,82523,5209,7115,75408,2918,2623,998,16534,65989,225,19213,493,242,18971,444,1226,239,9161,10052,317
"18-140_01D-Iso_028.fcs",185225,178824,135270,98391,78737,229,263,78474,334,2085,446,380,78357,205,16793,101,35,16758,103,608,75,139,16654,115
"18-140_01D-1_029.fcs",167288,161267,121484,88956,71504,4219,5479,66025,2522,1757,1167,12661,58843,177,15285,260,180,15105,304,606,244,7208,8077,275
"18-140_01D-2_030.fcs",158550,152657,116283,84764,68175,4186,5578,62597,2447,1831,1420,11801,56374,150,14540,282,144,14396,282,579,307,6606,7934,303
"18-140_01E-Iso_031.fcs",162972,154838,120842,87726,70946,162,175,70771,365,1650,327,341,70605,212,14577,94,23,14554,86,479,58,113,14464,116
"18-140_01E-1_032.fcs",185126,176169,138354,101003,82388,4394,7293,75095,2889,2047,906,15256,67132,281,16513,286,189,16324,342,530,190,7081,9432,310
"18-140_01E-2_033.fcs",186090,177399,138923,100965,82063,4440,7200,74863,2952,1954,1022,15404,66659,261,16708,355,199,16509,320,554,238,7333,9375,304
"18-140_01F-Iso_034.fcs",174258,171018,125724,90569,72466,179,243,72223,386,1666,380,429,72037,212,15735,97,32,15703,86,419,69,112,15623,102
"18-140_01F-1_035.fcs",192740,189118,139419,100130,80705,3697,7521,73184,2304,1802,665,13320,67384,260,17323,186,211,17112,237,468,150,6904,10419,256
"18-140_01F-2_036.fcs",192549,189035,138915,99361,79786,3932,7663,72123,2263,1796,809,13204,66582,220,17459,215,214,17245,221,442,186,6987,10472,280
"18-140_01UA-Iso_037.fcs",17,8,8,6,4,0,0,4,0,0,0,0,4,1,1,0,0,1,0,0,0,0,1,0
"18-140_01UA-1_038.fcs",953,185,152,84,70,6,4,66,4,4,2,17,53,4,9,1,0,9,0,0,3,3,6,0
"18-140_01UA-2_039.fcs",18,10,8,4,3,0,0,3,1,1,0,1,2,0,0,0,0,0,0,0,0,0,0,0
"18-140_01UB-Iso_040.fcs",52543,4257,3109,1345,446,3,1,445,2,14,2,4,442,8,839,6,5,834,8,24,16,5,834,12
"18-140_01UB-1_041.fcs",33145,2650,1836,838,286,24,19,267,18,12,28,98,188,1,531,11,18,513,17,15,168,360,171,4
"18-140_01UB-2_042.fcs",11,5,4,3,1,0,0,1,0,0,0,1,0,0,2,0,0,2,0,0,0,1,1,0
"18-140_01UC-Iso_043.fcs",37271,4269,3548,763,395,3,18,377,12,25,3,11,384,15,343,4,1,342,3,9,2,3,340,6
"18-140_01UC-1_044.fcs",30295,3204,2579,592,284,27,29,255,12,11,8,70,214,9,287,36,7,280,6,10,106,232,55,6
"18-140_01UC-2_045.fcs",10,6,4,3,3,0,0,3,0,0,0,1,2,0,0,0,0,0,0,0,0,0,0,0
"18-140_01UD-Iso_046.fcs",31,14,11,5,4,0,0,4,0,1,0,0,4,1,1,0,0,1,0,0,0,0,1,0
"18-140_01UD-1_047.fcs",46324,9097,8433,1139,106,29,36,70,24,22,3,77,29,37,758,40,83,675,25,169,64,664,94,35
"18-140_01UD-2_048.fcs",17,9,5,2,2,0,0,2,0,0,0,0,2,0,0,0,0,0,0,0,0,0,0,0
"18-140_01UE-Iso_049.fcs",21,9,5,5,3,0,0,3,0,0,0,0,3,1,0,0,0,0,0,0,0,0,0,0
"18-140_01UE-1_050.fcs",1928,131,76,9,5,3,5,0,0,2,2,4,1,0,3,0,0,3,0,0,0,1,2,0
"18-140_01UE-2_051.fcs",20,8,7,5,3,0,1,2,0,0,0,1,2,1,2,0,0,2,0,1,0,2,0,0
"18-140_01UF-Iso_052.fcs",13,5,5,3,1,0,0,1,0,0,0,1,0,0,2,0,0,2,0,0,0,1,1,0
"18-140_01UF-1_053.fcs",1606,401,209,106,88,30,58,30,8,27,32,69,19,1,12,3,3,9,0,1,9,10,2,2
"18-140_01UF-2_054.fcs",16,5,2,2,1,0,0,1,0,0,0,1,0,0,1,1,0,1,0,0,0,1,0,0
"18-140_03UA-Iso_037.fcs",4759,3833,2658,2046,1785,30,66,1719,13,34,15,95,1690,16,222,0,0,222,2,2,5,138,84,8
"18-140_03UA-1_038.fcs",1447,797,324,181,137,15,6,131,6,9,20,22,115,0,38,2,1,37,0,1,13,27,11,1
"18-140_03UA-2_039.fcs",3,0,0,0,0,0,0,0,0,0,0,0,0,0,0,0,0,0,0,0,0,0,0,0
"18-140_03UB-Iso_040.fcs",45800,35754,23223,14940,9080,57,63,9017,47,549,55,54,9026,20,5111,40,11,5100,33,113,33,40,5071,30
"18-140_03UB-1_041.fcs",35178,26520,16853,10799,6607,756,696,5911,417,413,2009,3017,3590,43,3615,88,30,3585,75,91,1953,2031,1584,91
"18-140_03UB-2_042.fcs",3,1,1,1,1,0,0,1,0,0,0,0,1,0,0,0,0,0,0,0,0,0,0,0
"18-140_03UC-Iso_043.fcs",37026,22373,17667,560,317,3,1,316,5,19,1,2,315,0,196,9,2,194,0,6,0,1,195,7
"18-140_03UC-1_044.fcs",48693,27710,22106,810,493,138,36,457,44,26,52,223,270,4,264,36,2,262,16,8,30,170,94,32
"18-140_03UC-2_045.fcs",16,1,1,0,0,0,0,0,0,0,0,0,0,0,0,0,0,0,0,0,0,0,0,0
"18-140_03UD-Iso_046.fcs",9061,792,268,76,59,1,0,59,1,9,1,0,59,0,15,5,0,15,0,3,0,0,15,0
"18-140_03UD-1_047.fcs",8697,811,261,73,53,6,8,45,4,6,28,19,34,0,20,5,0,20,1,0,14,11,9,4
"18-140_03UD-2_048.fcs",11,0,0,0,0,0,0,0,0,0,0,0,0,0,0,0,0,0,0,0,0,0,0,0
"18-140_03UE-Iso_049.fcs",2769,215,126,17,14,0,0,14,0,5,0,0,14,0,3,0,0,3,0,0,0,0,3,0
"18-140_03UE-1_050.fcs",2027,196,118,13,12,3,1,11,2,2,8,5,7,0,0,0,0,0,0,0,0,0,0,0
"18-140_03UE-2_051.fcs",3,0,0,0,0,0,0,0,0,0,0,0,0,0,0,0,0,0,0,0,0,0,0,0
"18-140_03UF-Iso_052.fcs",4081,2188,1138,135,115,2,0,115,2,36,1,0,115,0,15,0,0,15,1,4,1,0,15,0
"18-140_03UF-1_053.fcs",3706,1933,994,116,100,41,3,97,5,22,18,32,66,0,12,5,0,12,0,1,7,2,10,0
"18-140_03UF-2_054.fcs",4,0,0,0,0,0,0,0,0,0,0,0,0,0,0,0,0,0,0,0,0,0,0,0
"18-140_03UG-Iso_055.fcs",23841,13633,11811,379,211,1,5,206,2,13,1,1,210,0,148,3,1,147,2,6,7,2,146,1
"18-140_03UG-1_056.fcs",11606,6552,5548,189,94,31,7,87,6,12,18,63,31,0,88,16,1,87,13,4,49,69,19,5
"18-140_03UG-2_057.fcs",23627,13930,11884,357,181,66,14,167,21,11,24,116,65,5,158,31,3,155,12,10,80,129,29,12
"18-140_03UH-Iso_058.fcs",15135,9228,6276,473,366,47,2,364,2,103,1,1,365,0,92,9,0,92,6,4,3,5,87,3
"18-140_03UH-1_059.fcs",17669,9336,6287,463,360,172,31,329,71,111,95,184,170,1,87,21,2,85,7,6,44,59,28,7
"18-140_03UH-2_060.fcs",23917,14662,9547,739,570,254,57,513,109,156,153,303,260,1,146,29,1,145,11,8,78,97,49,7
"18-140_03UI-Iso_061.fcs",2297,470,333,15,8,0,0,8,0,0,0,1,7,0,5,0,0,5,0,0,5,1,4,0
"18-140_03UI-1_062.fcs",2226,436,316,18,14,1,0,14,1,1,4,3,10,0,4,0,0,4,0,0,3,1,3,0
"18-140_03UI-2_063.fcs",11,1,1,0,0,0,0,0,0,0,0,0,0,0,0,0,0,0,0,0,0,0,0,0
"18-140_03UJ-Iso_064.fcs",3527,2151,1750,189,160,0,0,160,0,56,1,1,159,1,20,0,0,20,0,5,3,2,18,1
"18-140_03UJ-1_065.fcs",3116,1915,1574,168,148,73,10,138,18,44,19,30,117,1,17,6,0,17,2,3,14,8,9,3
"18-140_03UJ-2_066.fcs",3,1,1,0,0,0,0,0,0,0,0,0,0,0,0,0,0,0,0,0,0,0,0,0
"18-140_04G-Iso_055.fcs",193454,189483,158498,128552,102381,312,339,102042,429,1453,479,520,101704,273,21347,191,36,21311,110,378,98,163,21184,185
"18-140_04G-1_056.fcs",193934,189853,158377,128674,102582,4252,6763,95819,2298,1426,1414,21116,80538,467,21682,506,513,21169,329,398,392,4329,17353,397
"18-140_04G-2_057.fcs",194409,190457,158478,128653,102439,4162,6632,95807,2354,1407,1315,21340,80170,445,21708,512,473,21235,343,379,447,4279,17429,367
"18-140_04H-Iso_058.fcs",179512,172183,157299,84189,64297,182,103,64194,341,1514,268,397,63798,157,16165,107,26,16139,95,409,79,132,16033,128
"18-140_04H-1_059.fcs",179016,172089,157166,83795,64122,3270,3606,60516,1832,1461,1457,10449,53159,304,16189,370,283,15906,302,428,577,2811,13378,397
"18-140_04H-2_060.fcs",180262,172910,157548,84630,64596,3334,3717,60879,1928,1513,1692,10683,53382,346,16542,372,314,16228,284,440,621,3059,13483,420
"18-140_04I-Iso_061.fcs",194007,190750,143662,118836,92611,225,126,92485,496,1703,459,543,91895,223,21733,138,48,21685,109,476,112,154,21579,153
"18-140_04I-1_062.fcs",193992,190601,142629,117973,91994,4206,3962,88032,2815,1676,1072,21089,69989,402,21777,442,305,21472,284,442,370,4562,17215,354
"18-140_04I-2_063.fcs",194512,191368,143676,118836,92694,4400,4001,88693,2903,1708,1086,21749,70060,412,22016,474,325,21691,312,487,373,4728,17288,330
"18-140_04J-Iso_064.fcs",193951,188787,165325,128198,105185,356,187,104998,543,1227,526,639,104354,248,18611,141,33,18578,99,365,100,169,18442,149
"18-140_04J-1_065.fcs",192896,187833,164394,126622,102921,3856,4761,98160,2340,1351,1483,13727,88392,358,18226,381,331,17895,265,362,377,2359,15867,242
"18-140_04J-2_066.fcs",192744,187624,163923,127485,104786,4037,5046,99740,2274,1344,1521,13606,90424,392,18871,471,393,18478,300,442,365,2520,16351,298
"18-140_04K-Iso_067.fcs",193904,190794,154339,122065,95225,314,323,94902,426,1325,477,573,94464,265,22300,149,55,22245,121,500,110,154,22146,165
"18-140_04K-1_068.fcs",193502,190424,153869,121868,95090,3163,4943,90147,1977,1420,1046,20451,73743,434,22583,237,427,22156,286,502,312,5409,17174,314
"18-140_04K-2_069.fcs",193535,190279,153639,121801,95215,3405,5363,89852,2075,1450,1373,20872,73414,365,22309,261,400,21909,277,543,423,5146,17163,347
"18-140_04L-Iso_070.fcs",188375,183953,146098,110845,89136,256,129,89007,471,1096,490,426,88550,209,17433,115,50,17383,94,345,69,139,17294,133
"18-140_04L-1_071.fcs",188495,183919,146071,110814,89119,2850,3371,85748,1931,1159,1650,14500,73905,427,17634,299,249,17385,251,339,429,3054,14580,333
"18-140_04L-2_072.fcs",189950,185696,147274,111902,89841,3183,4165,85676,1931,1210,2290,14877,74159,381,17662,408,341,17321,244,406,572,3178,14484,341
"18-140_04UA-Iso_073.fcs",9,3,2,1,1,0,0,1,0,0,0,0,1,0,0,0,0,0,0,0,0,0,0,0
"18-140_04UA-1_074.fcs",5895,545,229,75,32,9,7,25,4,4,27,17,15,0,40,5,2,38,1,6,40,25,15,5
"18-140_04UA-2_075.fcs",7,3,3,2,2,0,0,2,0,0,0,0,2,0,0,0,0,0,0,0,0,0,0,0
"18-140_04UB-Iso_076.fcs",12,8,5,2,1,0,0,1,0,0,0,1,0,0,1,0,0,1,0,0,0,0,1,0
"18-140_04UB-1_077.fcs",11890,3469,2253,687,413,53,25,388,29,17,99,118,288,7,171,41,13,158,8,4,126,85,86,24
"18-140_04UB-2_078.fcs",4,1,0,0,0,0,0,0,0,0,0,0,0,0,0,0,0,0,0,0,0,0,0,0
"18-140_04UC-Iso_079.fcs",12940,3285,1598,430,214,1,1,213,2,17,1,2,212,2,199,5,4,195,1,17,11,1,198,3
"18-140_04UC-1_080.fcs",15297,4030,2027,590,296,102,48,248,53,21,36,147,146,20,246,78,17,229,19,19,165,175,71,84
"18-140_04UC-2_081.fcs",5,2,1,0,0,0,0,0,0,0,0,0,0,0,0,0,0,0,0,0,0,0,0,0
"18-140_04UD-Iso_082.fcs",21007,12379,8489,4585,3537,18,10,3527,17,109,28,22,3505,15,879,5,6,873,14,50,17,6,873,10
"18-140_04UD-1_083.fcs",37650,21421,14395,8018,6265,514,220,6045,192,178,510,1443,4769,53,1455,84,24,1431,53,73,366,383,1072,63
"18-140_04UD-2_084.fcs",19,7,5,1,1,0,0,1,0,0,0,0,1,0,0,0,0,0,0,0,0,0,0,0
"18-140_04UE-Iso_085.fcs",14870,567,451,228,173,1,1,172,1,13,1,1,171,3,47,1,0,47,0,6,0,0,47,1
"18-140_04UE-1_086.fcs",14254,506,408,210,161,58,37,124,16,14,59,82,79,6,40,8,2,38,3,7,29,24,16,6
"18-140_04UE-2_087.fcs",29,10,8,7,5,1,0,5,1,0,0,1,4,1,1,1,0,1,0,0,0,1,0,1
"18-140_04UF-Iso_088.fcs",10361,6759,5571,3515,2703,12,4,2699,12,66,13,14,2684,22,610,5,2,608,6,41,5,5,605,9
"18-140_04UF-1_089.fcs",6810,4119,3514,2095,1673,279,130,1543,49,48,86,366,1294,12,346,36,2,344,11,29,41,110,234,30
"18-140_04UF-2_090.fcs",0,0,0,0,0,0,0,0,0,0,0,0,0,0,0,0,0,0,0,0,0,0,0,0
"18-140_04UG-Iso_091.fcs",29499,26149,25254,20768,15609,44,24,15585,69,215,91,72,15517,89,3361,13,10,3351,25,60,17,16,3345,31
"18-140_04UG-1_092.fcs",24781,20628,19802,16215,12759,581,741,12018,208,145,8869,2501,10134,93,2895,106,78,2817,60,58,2020,588,2307,44
"18-140_04UG-2_093.fcs",38,9,7,2,1,0,0,1,0,0,1,0,1,0,1,0,0,1,0,0,0,0,1,0
"18-140_04UH-Iso_094.fcs",38,15,10,3,2,0,0,2,0,0,0,2,0,0,0,0,0,0,0,0,0,0,0,0
"18-140_04UH-1_095.fcs",40410,171,158,71,49,4,8,41,4,1,4,8,41,6,15,6,2,13,0,1,4,1,14,5
"18-140_04UH-2_096.fcs",12,5,2,2,0,0,0,0,0,0,0,0,0,0,2,0,0,2,0,0,0,0,2,0
"18-140_04UI-Iso_097.fcs",24,7,6,4,4,0,0,4,0,0,0,1,3,0,0,0,0,0,0,0,0,0,0,0
"18-140_04UI-1_098.fcs",24870,15926,13334,10368,7624,317,492,7132,102,97,1805,1412,6149,133,1825,74,91,1734,21,21,420,359,1466,16
"18-140_04UI-2_099.fcs",36,15,11,7,5,1,1,4,0,1,0,1,4,1,2,0,0,2,0,0,0,0,2,0
"18-140_04UJ-Iso_100.fcs",37,14,12,7,6,0,0,6,0,0,0,1,5,0,1,0,0,1,0,0,0,0,1,0
"18-140_04UJ-1_101.fcs",8254,3725,1164,265,142,47,40,102,24,17,93,58,82,14,113,25,6,107,6,38,105,80,33,37
"18-140_04UJ-2_102.fcs",28,18,14,8,7,0,0,7,0,0,0,0,7,0,0,0,0,0,0,0,0,0,0,0
"18-140_04UK-Iso_103.fcs",7346,2379,1652,36,21,0,1,20,0,0,4,0,21,0,15,0,0,15,0,1,3,0,15,1
"18-140_04UK-1_104.fcs",10630,4067,2690,108,77,38,8,69,10,7,24,41,36,4,26,7,0,26,1,6,10,20,6,6
"18-140_04UK-2_105.fcs",11011,3856,2652,83,61,29,7,54,11,8,17,28,33,4,17,5,0,17,2,2,8,11,6,3
"18-140_04UL-Iso_106.fcs",15895,1836,1336,305,182,0,1,181,0,6,4,2,179,4,50,0,0,50,0,1,1,0,50,0
"18-140_04UL-1_107.fcs",8431,1492,813,212,162,5,13,149,5,5,46,37,122,1,42,0,0,42,0,1,9,8,34,0
"18-140_04UL-2_108.fcs",8127,1794,1028,328,255,3,8,247,7,8,46,50,202,2,64,0,0,64,0,1,16,10,54,1
"18-140_08A-Iso_019.fcs",151649,149434,113012,91937,52494,335,166,52328,338,1601,117,268,52142,301,33105,206,37,33068,213,716,95,151,32954,250
"18-140_08A-1_020.fcs",194385,191918,139902,113806,64720,3504,5631,59089,1803,1928,1737,17733,46253,449,41081,297,189,40892,452,930,1491,17299,23782,283
"18-140_08A-2_021.fcs",194166,191601,139685,113284,64785,3538,5694,59091,1895,1956,1595,17696,46385,402,40509,303,223,40286,436,926,1390,16916,23593,263
"18-140_08B-Iso_022.fcs",180111,176820,137783,109298,72793,555,205,72588,407,1657,138,403,72266,321,30167,200,46,30121,211,578,84,152,30015,232
"18-140_08B-1_023.fcs",163986,160989,123378,97587,64615,2645,5926,58689,1522,1654,703,13448,50533,313,27440,208,159,27281,342,527,665,8123,19317,280
"18-140_08B-2_024.fcs",170633,167531,129371,102536,67717,2958,6246,61471,1621,1630,737,14274,52769,297,29052,259,211,28841,356,593,767,8648,20404,271
"18-140_08C-Iso_025.fcs",191429,188216,132087,104333,59909,395,148,59761,361,1560,121,334,59469,328,36006,278,62,35944,266,741,105,196,35810,253
"18-140_08C-1_026.fcs",192073,189087,134527,106372,61264,2684,4841,56423,1474,1611,2043,16396,44221,367,36621,284,158,36463,398,752,1864,14275,22346,303
"18-140_08C-2_027.fcs",190163,187149,132336,105211,60720,2616,4531,56189,1380,1621,1547,16533,43463,301,36035,232,142,35893,423,683,1721,14323,21712,272
"18-140_08D-Iso_028.fcs",192199,189545,150776,124149,78804,539,120,78684,406,2342,167,360,78443,338,37898,256,92,37806,226,644,116,195,37703,252
"18-140_08D-1_029.fcs",192509,189937,151208,124489,78678,3637,5501,73177,2162,2328,1811,20858,57820,300,38284,227,183,38101,338,611,1539,14303,23981,197
"18-140_08D-2_030.fcs",192749,189953,151025,124162,78171,3686,5366,72805,2136,2305,1856,21154,57017,335,38120,265,194,37926,357,669,1563,14467,23653,265
"18-140_08E-Iso_031.fcs",193678,189554,143638,112824,68815,556,77,68738,359,1738,115,361,68454,338,35899,313,87,35812,226,662,94,188,35711,276
"18-140_08E-1_032.fcs",193254,189111,144051,113220,68140,3017,6862,61278,1611,1769,1853,15731,52409,429,36503,232,306,36197,376,669,1588,13624,22879,409
"18-140_08E-2_033.fcs",193856,189943,144799,113778,68884,3056,6902,61982,1720,1820,1365,15915,52969,442,36140,239,316,35824,368,708,1272,13477,22663,481
"18-140_08F-Iso_034.fcs",196868,194869,164035,127177,68381,432,230,68151,425,3080,158,376,68005,305,45889,362,95,45794,335,1370,96,260,45625,327
"18-140_08F-1_035.fcs",196863,194925,163217,127596,69008,2809,5725,63283,2396,3110,854,18685,50323,472,47531,167,442,47089,641,1315,744,20126,27405,377
"18-140_08F-2_036.fcs",196666,194546,163118,127397,68229,2835,5842,62387,2275,2950,1126,18764,49465,434,47438,208,506,46932,740,1280,1188,20277,27161,403
"18-140_08UA-Iso_037.fcs",28,2,2,1,1,0,0,1,0,0,0,0,1,0,0,0,0,0,0,0,0,0,0,0
"18-140_08UA-1_038.fcs",12471,2469,1909,714,399,115,49,350,45,57,172,175,224,2,219,18,9,210,2,14,109,104,115,7
"18-140_08UA-2_039.fcs",24,3,1,0,0,0,0,0,0,0,0,0,0,0,0,0,0,0,0,0,0,0,0,0
"18-140_08UB-Iso_040.fcs",23360,18347,5181,2648,1474,12,9,1465,11,57,14,7,1467,11,779,7,2,777,8,17,8,13,766,8
"18-140_08UB-1_041.fcs",44490,36206,10253,5631,2906,476,251,2655,171,93,294,1476,1430,29,2129,93,8,2121,37,48,738,1458,671,48
"18-140_08UB-2_042.fcs",30345,24533,6996,3770,2017,343,179,1838,124,65,231,960,1057,24,1221,58,1,1220,10,22,494,824,397,38
"18-140_08UC-Iso_043.fcs",25751,13235,5489,2456,1379,6,7,1372,10,100,9,12,1367,7,777,11,3,774,12,35,11,15,762,8
"18-140_08UC-1_044.fcs",28620,15072,6291,2952,1576,324,188,1388,110,107,262,721,855,11,1073,98,16,1057,27,41,409,650,423,29
"18-140_08UC-2_045.fcs",25415,13531,5819,2709,1411,320,164,1247,111,104,287,647,764,16,986,88,9,977,25,43,437,616,370,36
"18-140_08UD-Iso_046.fcs",2173,36,20,4,2,0,0,2,0,1,0,0,2,0,0,0,0,0,0,0,0,0,0,0
"18-140_08UD-1_047.fcs",1865,47,25,2,2,0,0,2,0,0,2,1,1,0,0,0,0,0,0,0,0,0,0,0
"18-140_08UD-2_048.fcs",1857,39,21,1,0,0,0,0,0,0,0,0,0,0,1,0,0,1,0,0,1,1,0,0
"18-140_08UE-Iso_049.fcs",11,0,0,0,0,0,0,0,0,0,0,0,0,0,0,0,0,0,0,0,0,0,0,0
"18-140_08UE-1_050.fcs",5249,1887,1037,165,99,21,6,93,11,8,92,33,66,0,59,5,2,57,2,2,58,28,31,1
"18-140_08UE-2_051.fcs",10,0,0,0,0,0,0,0,0,0,0,0,0,0,0,0,0,0,0,0,0,0,0,0
"18-140_08UF-Iso_052.fcs",10676,5857,5097,3338,1868,15,4,1864,16,183,15,10,1858,13,1150,17,3,1147,9,76,11,2,1146,20
"18-140_08UF-1_053.fcs",12818,7181,6343,4099,2242,901,783,1459,720,213,712,1668,574,195,1469,71,43,1426,74,80,896,1099,370,111
"18-140_08UF-2_054.fcs",10361,5857,5139,3447,1907,809,651,1256,623,177,706,1461,446,152,1187,76,54,1133,74,75,763,879,308,118
"18-140_09A-Iso_019.fcs",191329,186345,136059,93098,78304,647,112,78192,499,1688,92,401,77903,390,10038,81,41,9997,64,315,28,40,9998,74
"18-140_09A-1_020.fcs",190321,185155,136416,93313,79350,2970,3152,76198,1845,1634,704,7795,71555,628,10519,59,121,10398,127,328,461,3462,7057,143
"18-140_09A-2_021.fcs",190833,185821,134758,92141,78061,2607,3206,74855,1803,1647,943,7266,70795,627,10730,40,103,10627,119,316,439,3415,7315,156
"18-140_09B-Iso_022.fcs",195146,191114,170381,68590,47710,348,120,47590,338,2435,102,245,47465,210,15285,131,56,15229,105,539,47,67,15218,126
"18-140_09B-1_023.fcs",194659,190672,170435,68570,48022,3227,3560,44462,1955,2431,465,5458,42564,339,15838,57,181,15657,175,592,341,5875,9963,340
"18-140_09B-2_024.fcs",170606,166947,149595,60707,42426,2929,3123,39303,1741,2151,390,5218,37207,307,14022,53,142,13880,170,508,243,5474,8548,319
"18-140_09C-Iso_025.fcs",193079,190566,91636,51066,36402,263,45,36357,225,2346,46,155,36247,219,10962,95,34,10928,80,424,28,51,10911,84
"18-140_09C-1_026.fcs",191392,188725,91858,50877,36478,2942,1884,34594,1644,2214,591,5533,30943,378,11291,75,59,11232,156,413,331,4712,6579,151
"18-140_09C-2_027.fcs",193216,190724,93041,52463,37879,3180,1998,35881,1692,2358,641,5739,32140,332,11271,102,81,11190,166,420,514,4714,6557,166
"18-140_09D-Iso_028.fcs",192940,189117,123294,89698,75405,546,90,75315,485,919,106,322,75083,487,10716,75,29,10687,67,282,26,41,10675,78
"18-140_09D-1_029.fcs",192482,188210,123219,89742,75940,2462,2621,73319,1757,842,1015,10164,65776,560,10835,50,63,10772,140,294,534,4106,6729,121
"18-140_09D-2_030.fcs",192753,188667,122940,89536,75727,2685,2733,72994,1846,899,959,10630,65097,494,10803,55,63,10740,134,295,576,4021,6782,117
"18-140_09E-Iso_031.fcs",194160,190786,139267,94146,81007,619,194,80813,465,1405,110,364,80643,470,9555,80,17,9538,68,336,27,42,9513,78
"18-140_09E-1_032.fcs",194063,190675,138536,93199,80452,2978,3337,77115,1855,1391,1518,9090,71362,514,9860,47,53,9807,103,337,862,3496,6364,167
"18-140_09E-2_033.fcs",193434,189895,137005,91796,79315,3091,3418,75897,1963,1482,1458,9159,70156,515,9702,50,51,9651,109,360,916,3415,6287,141
"18-140_09F-Iso_034.fcs",194183,189025,139255,94410,77984,700,259,77725,412,1419,146,365,77619,469,11790,83,40,11750,94,283,40,50,11740,109
"18-140_09F-1_035.fcs",193790,188397,140280,94748,78477,2424,3557,74920,1675,1408,1289,8567,69910,592,12512,31,80,12432,169,332,843,4702,7810,177
"18-140_09F-2_036.fcs",193862,188708,140270,95037,79523,2590,3599,75924,1668,1490,984,8925,70598,595,12207,35,76,12131,140,336,750,4469,7738,170
"18-140_09G-Iso_037.fcs",194361,191261,143294,103199,85946,641,129,85817,421,1190,176,410,85536,477,12003,91,28,11975,74,228,25,49,11954,85
"18-140_09G-1_038.fcs",194360,191446,144471,103396,86737,2968,3859,82878,1961,1185,1551,10529,76208,647,12364,53,82,12282,144,261,663,4374,7990,99
"18-140_09G-2_039.fcs",194499,191494,145068,105080,88364,3176,4180,84184,2011,1271,1429,10947,77417,544,12520,62,110,12410,167,267,633,4490,8030,122
"18-140_09H-Iso_040.fcs",194591,191127,149543,57113,39307,274,82,39225,249,1197,63,160,39147,284,12739,98,48,12691,103,324,32,56,12683,92
"18-140_09H-1_041.fcs",194475,190854,149864,57473,39765,2305,2685,37080,1439,1210,577,4209,35556,390,13604,46,157,13447,230,385,1029,5291,8313,264
"18-140_09H-2_042.fcs",194439,191070,149604,57390,39595,2356,2640,36955,1427,1231,602,4129,35466,357,13653,63,150,13503,213,334,1074,5283,8370,255
"18-140_09I-Iso_043.fcs",160180,158371,107656,69817,53429,465,77,53352,373,1203,101,249,53180,242,9053,70,33,9020,60,215,27,42,9011,71
"18-140_09I-1_044.fcs",180465,178351,123514,79872,62757,2539,2748,60009,1547,1410,535,5982,56775,378,11447,36,173,11274,150,286,232,4021,7426,126
"18-140_09I-2_045.fcs",195749,193627,133333,86149,67653,2730,2930,64723,1628,1548,638,6455,61197,396,12272,37,159,12113,149,369,278,4356,7916,145
"18-140_09J-Iso_046.fcs",164174,162498,136554,96433,80628,557,107,80521,517,845,98,386,80242,431,11217,82,20,11197,74,228,28,44,11173,87
"18-140_09J-1_047.fcs",194771,192880,162147,113202,93110,2366,5360,87750,1855,1015,948,9651,83458,433,13560,38,191,13369,172,269,631,4369,9191,147
"18-140_09J-2_048.fcs",194835,193046,160405,112920,94800,2201,4970,89830,1648,945,896,10178,84622,601,13735,32,107,13628,139,291,589,4771,8964,155
"18-140_09K-Iso_049.fcs",194858,191899,123716,76502,60977,484,77,60900,372,1240,101,267,60710,318,10941,97,36,10905,90,345,25,50,10891,75
"18-140_09K-1_050.fcs",167105,164491,106551,66055,53160,1715,2025,51135,1334,1153,361,6225,46935,351,9883,44,84,9799,123,330,270,3558,6325,152
"18-140_09K-2_051.fcs",195106,192135,123171,76305,61238,1940,2361,58877,1540,1263,451,7279,53959,394,11441,58,87,11354,155,370,324,4170,7271,176
"18-140_09L-Iso_001.fcs",194191,192179,117591,73218,58561,368,100,58461,373,1331,97,270,58291,327,10158,88,35,10123,75,266,22,46,10112,86
"18-140_09L-1_053.fcs",194780,192810,118999,73934,59928,1865,2879,57049,1481,1280,535,5225,54703,446,10679,39,75,10604,154,299,388,4067,6612,202
"18-140_09L-2_054.fcs",194561,192538,117456,72778,58821,1863,2792,56029,1434,1275,639,5301,53520,448,10683,25,84,10599,157,311,393,4106,6577,216
"18-140_09UA-Iso_055.fcs",61,25,15,9,8,0,0,8,0,0,0,1,7,0,1,0,1,0,0,0,1,0,1,0
"18-140_09UA-1_056.fcs",6347,2372,1381,378,318,101,55,263,38,53,286,158,160,11,42,9,1,41,2,7,34,23,19,1
"18-140_09UA-2_057.fcs",17,0,0,0,0,0,0,0,0,0,0,0,0,0,0,0,0,0,0,0,0,0,0,0
"18-140_09UB-Iso_058.fcs",41273,22841,18035,9355,4580,45,36,4544,35,244,33,28,4552,35,4235,40,27,4208,33,86,34,20,4215,35
"18-140_09UB-1_059.fcs",45933,23166,18185,9327,4636,529,366,4270,298,256,1820,1784,2852,36,4274,80,18,4256,73,92,2714,2954,1320,56
"18-140_09UB-2_060.fcs",41859,22854,18039,9538,4629,558,370,4259,291,308,1766,1671,2958,30,4495,116,26,4469,97,105,2726,3104,1391,52
"18-140_09UC-Iso_061.fcs",12158,7268,2930,198,120,6,0,120,15,15,10,1,119,1,57,1,0,57,3,1,2,1,56,0
"18-140_09UC-1_062.fcs",11045,6794,2572,152,105,32,9,96,20,17,71,59,46,5,37,1,0,37,3,1,34,22,15,0
"18-140_09UC-2_063.fcs",8427,5327,2112,122,73,18,3,70,8,8,39,44,29,2,39,4,0,39,3,1,27,25,14,1
"18-140_09UD-Iso_064.fcs",16172,6516,3193,183,153,6,1,152,3,13,6,4,149,5,18,0,0,18,0,0,2,0,18,0
"18-140_09UD-1_065.fcs",17332,5902,2964,192,162,51,12,150,33,16,78,82,80,6,26,3,1,25,2,0,21,13,13,0
"18-140_09UD-2_066.fcs",25709,11577,5644,420,358,104,27,331,41,26,138,158,200,15,43,3,0,43,2,2,30,22,21,0
"18-140_09UE-Iso_067.fcs",16078,12370,7119,2948,2632,25,23,2609,20,358,26,41,2591,17,228,1,0,228,4,37,3,4,224,3
"18-140_09UE-1_068.fcs",32243,24879,13926,6352,5639,2051,528,5111,865,829,1801,3316,2323,194,524,162,3,521,35,66,397,329,195,50
"18-140_09UE-2_069.fcs",15045,11234,6346,2683,2379,837,197,2182,331,345,791,1381,998,94,222,71,3,219,13,24,163,132,90,19
"18-140_09UF-Iso_070.fcs",20106,14861,9360,3205,2689,58,15,2674,32,550,59,70,2619,23,401,11,2,399,2,52,11,21,380,4
"18-140_09UF-1_071.fcs",10121,7272,4678,1561,1319,551,160,1159,221,217,363,718,601,59,180,70,3,177,19,31,147,115,65,22
"18-140_09UF-2_072.fcs",9,2,2,0,0,0,0,0,0,0,0,0,0,0,0,0,0,0,0,0,0,0,0,0
"18-140_09UG-Iso_073.fcs",7,2,2,0,0,0,0,0,0,0,0,0,0,0,0,0,0,0,0,0,0,0,0,0
"18-140_09UG-1_074.fcs",12293,8331,5389,1840,1561,695,199,1362,220,346,653,897,664,78,218,71,3,215,18,40,190,150,68,13
"18-140_09UG-2_075.fcs",5,1,1,1,1,0,0,1,0,0,1,1,0,0,0,0,0,0,0,0,0,0,0,0
"18-140_09UH-Iso_076.fcs",17142,10822,6944,2000,787,5,3,784,6,24,5,4,783,6,1087,18,12,1075,22,12,8,7,1080,8
"18-140_09UH-1_077.fcs",12661,8329,5372,1700,693,120,43,650,37,14,207,233,460,6,909,209,7,902,52,20,622,726,183,29
"18-140_09UH-2_078.fcs",10,3,2,0,0,0,0,0,0,0,0,0,0,0,0,0,0,0,0,0,0,0,0,0
"18-140_09UI-Iso_079.fcs",32476,18075,8003,2430,1532,13,12,1520,13,53,14,12,1520,22,690,31,18,672,31,12,18,4,686,10
"18-140_09UI-1_080.fcs",34481,19176,8223,2576,1617,77,24,1593,43,54,152,344,1273,10,775,82,18,757,65,17,415,378,397,30
"18-140_09UI-2_081.fcs",17,9,6,4,1,0,0,1,0,0,0,0,1,0,3,0,0,3,0,0,1,1,2,0
"18-140_09UJ-Iso_082.fcs",7241,3592,2272,1230,914,14,4,910,5,80,7,8,906,13,265,11,3,262,6,18,7,6,259,5
"18-140_09UJ-1_083.fcs",8269,3325,2150,1142,840,135,122,718,80,65,647,244,596,12,250,15,13,237,16,29,237,140,110,18
"18-140_09UJ-2_084.fcs",23,16,15,8,3,0,0,3,0,0,0,0,3,0,5,0,0,5,0,0,0,2,3,1
"18-140_09UK-Iso_085.fcs",24,4,3,2,0,0,0,0,0,0,0,0,0,0,1,0,0,1,0,1,0,0,1,0
"18-140_09UK-1_086.fcs",43234,25703,10904,5963,5272,1307,441,4831,565,830,1118,2477,2795,126,487,101,17,470,37,48,326,270,217,46
"18-140_09UK-2_087.fcs",12,2,1,0,0,0,0,0,0,0,0,0,0,0,0,0,0,0,0,0,0,0,0,0
"18-140_09UL-Iso_088.fcs",11,1,1,1,1,0,0,1,0,1,0,0,1,0,0,0,0,0,0,0,0,0,0,0
"18-140_09UL-1_089.fcs",2904,205,85,10,10,3,2,8,2,1,9,4,6,1,0,0,0,0,0,0,0,0,0,0
"18-140_09UL-2_090.fcs",9,1,1,0,0,0,0,0,0,0,0,0,0,0,0,0,0,0,0,0,0,0,0,0
"18-140_10K-Iso_055.fcs",185763,179543,140781,103852,82778,637,256,82522,422,1027,123,454,82324,453,15745,129,20,15725,105,179,44,72,15673,123
"18-140_10K-1_056.fcs",18213,17589,13905,10191,8042,243,378,7664,144,113,379,938,7104,57,1641,4,3,1638,13,14,146,249,1392,10
"18-140_10K-2_057.fcs",194649,187767,147862,108185,85450,2492,13377,72073,1181,1040,3248,8665,76785,532,17300,103,1590,15710,147,201,1074,2436,14864,201
"18-140_10M-Iso_058.fcs",190111,168068,157982,87092,66003,464,168,65835,374,2483,133,368,65635,384,14745,130,49,14696,111,390,36,70,14675,119
"18-140_10M-1_059.fcs",189116,167501,158451,88042,65442,4694,5566,59876,1911,2611,2050,9204,56238,439,15742,176,169,15573,231,444,943,2476,13266,154
"18-140_10M-2_060.fcs",164145,145156,137210,76584,56931,4162,5000,51931,1777,2179,1606,7758,49173,387,13526,165,202,13324,187,369,771,2061,11465,157
"18-140_10N-Iso_061.fcs",189312,184495,119340,90952,73062,618,138,72924,502,1166,110,364,72698,368,14491,89,36,14455,104,231,30,65,14426,117
"18-140_10N-1_062.fcs",189151,184622,119690,91036,72851,3023,4037,68814,1552,1233,1433,9975,62876,522,14442,149,125,14317,162,200,414,2070,12372,271
"18-140_10N-2_063.fcs",189739,185093,123731,90779,62670,2604,3416,59254,1328,1028,1114,8571,54099,755,13837,151,109,13728,149,206,373,1997,11840,221
"18-140_10O-Iso_064.fcs",187184,174724,124953,98738,80644,526,406,80238,571,970,150,449,80195,454,13320,98,42,13278,93,437,35,52,13268,117
"18-140_10O-1_065.fcs",184811,172694,124242,98589,80082,1468,3980,76102,1654,1010,2514,14463,65619,449,13720,88,118,13602,148,394,838,2882,10838,224
"18-140_10O-2_066.fcs",186547,175024,125713,99486,80462,1399,4192,76270,1699,1059,2377,14739,65723,539,13997,94,168,13829,170,482,880,3020,10977,228
"18-140_10P-Iso_067.fcs",193902,186185,161552,131551,106555,860,361,106194,775,1961,226,570,105985,468,19360,166,40,19320,122,391,40,84,19276,176
"18-140_10P-1_068.fcs",194050,186541,161986,132091,106129,2505,5492,100637,2258,1917,1829,11303,94826,651,20205,121,144,20061,176,349,523,2463,17742,347
"18-140_10P-2_069.fcs",193995,186384,162360,132919,106644,2609,5618,101026,2239,1921,2296,11722,94922,613,20293,163,142,20151,185,379,640,2491,17802,345
"18-140_10Q-Iso_070.fcs",188810,178348,132254,99591,79861,612,194,79667,442,1328,135,368,79493,431,15793,116,26,15767,113,308,40,69,15724,138
"18-140_10Q-1_071.fcs",188390,177664,132180,99415,79109,1601,3651,75458,1587,1301,2276,10592,68517,478,16096,59,69,16027,220,269,674,2386,13710,231
"18-140_10Q-2_072.fcs",189584,179286,132844,100257,79512,1781,3812,75700,1615,1381,2465,10785,68727,519,16320,102,89,16231,203,294,845,2361,13959,266
"18-140_10UA-Iso_073.fcs",9,2,0,0,0,0,0,0,0,0,0,0,0,0,0,0,0,0,0,0,0,0,0,0
"18-140_10UA-1_074.fcs",10293,878,330,10,5,0,0,5,1,0,2,1,4,0,3,1,1,2,1,1,3,3,0,1
"18-140_10UA-2_075.fcs",4,0,0,0,0,0,0,0,0,0,0,0,0,0,0,0,0,0,0,0,0,0,0,0
"18-140_10UD-Iso_076.fcs",10,1,1,0,0,0,0,0,0,0,0,0,0,0,0,0,0,0,0,0,0,0,0,0
"18-140_10UD-1_077.fcs",2998,1295,909,259,157,8,15,142,5,5,84,25,132,3,57,1,2,55,3,1,34,10,47,2
"18-140_10UD-2_078.fcs",4,1,1,1,1,0,0,1,0,0,1,0,1,1,0,0,0,0,0,0,0,0,0,0
"18-140_10UE-Iso_079.fcs",8284,1210,870,78,50,1,3,47,1,3,1,0,50,1,15,2,1,14,1,0,1,0,15,1
"18-140_10UE-1_080.fcs",20329,2381,1861,186,95,7,1,94,3,3,25,20,75,6,50,1,1,49,3,0,29,21,29,1
"18-140_10UE-2_081.fcs",8,0,0,0,0,0,0,0,0,0,0,0,0,0,0,0,0,0,0,0,0,0,0,0
"18-140_10UF-Iso_082.fcs",19166,9384,7344,4123,3202,28,6,3196,22,106,22,21,3181,25,683,10,3,680,3,22,10,0,682,16
"18-140_10UF-1_083.fcs",19162,8789,6851,3822,3011,169,157,2854,108,127,658,684,2327,20,625,17,10,615,10,37,243,185,440,22
"18-140_10UF-2_084.fcs",17201,8107,6301,3591,2793,160,149,2644,97,137,1036,599,2194,16,606,14,4,602,8,22,304,175,431,30
"18-140_10UI-Iso_085.fcs",69306,56088,48107,32886,26469,618,26,26443,197,579,268,117,26352,181,4546,29,16,4530,40,75,19,29,4517,36
"18-140_10UI-1_086.fcs",50846,41612,35706,24450,19508,1128,1173,18335,470,486,15437,3083,16425,118,3581,33,46,3535,50,67,2845,658,2923,56
"18-140_10UI-2_087.fcs",53017,42944,37100,25443,20395,1190,1222,19173,494,519,16229,3155,17240,131,3623,32,43,3580,54,72,2862,692,2931,63
"18-140_10UJ-Iso_088.fcs",15171,611,366,2,1,0,0,1,0,1,0,0,1,0,1,0,0,1,0,0,0,0,1,0
"18-140_10UJ-1_089.fcs",17904,595,346,3,2,1,1,1,1,1,1,2,0,0,1,0,0,1,0,0,0,0,1,0
"18-140_10UJ-2_090.fcs",20069,563,340,3,1,1,0,1,0,0,1,1,0,0,2,0,1,1,1,0,2,1,1,0
"18-140_10UK-Iso_091.fcs",13,1,1,0,0,0,0,0,0,0,0,0,0,0,0,0,0,0,0,0,0,0,0,0
"18-140_10UK-1_092.fcs",14766,3687,2564,1471,1123,53,42,1081,29,14,406,165,958,31,276,11,10,266,5,3,96,63,213,10
"18-140_10UK-2_093.fcs",26,6,4,2,2,0,1,1,0,0,2,0,2,0,0,0,0,0,0,0,0,0,0,0
"18-140_10UM-Iso_094.fcs",22,1,1,1,0,0,0,0,0,0,0,0,0,0,0,0,0,0,0,0,0,0,0,0
"18-140_10UM-1_095.fcs",45137,1483,1222,60,34,16,0,34,15,4,30,13,21,1,19,5,0,19,4,1,18,13,6,1
"18-140_10UM-2_096.fcs",26,0,0,0,0,0,0,0,0,0,0,0,0,0,0,0,0,0,0,0,0,0,0,0
"18-140_10UN-Iso_097.fcs",4430,2293,2051,179,138,2,1,137,2,12,6,1,137,9,27,0,0,27,0,4,2,0,27,1
"18-140_10UN-1_098.fcs",5512,2840,2605,254,199,96,20,179,52,30,123,127,72,10,41,6,0,41,1,2,31,29,12,0
"18-140_10UN-2_099.fcs",4,1,1,0,0,0,0,0,0,0,0,0,0,0,0,0,0,0,0,0,0,0,0,0
"18-140_10UO-Iso_100.fcs",18387,8577,5433,225,167,1,1,166,1,17,1,1,166,1,47,0,0,47,0,8,0,0,47,2
"18-140_10UO-1_101.fcs",14384,7280,4597,258,208,31,8,200,13,22,110,119,89,3,40,1,0,40,1,5,34,27,13,1
"18-140_10UO-2_102.fcs",8,0,0,0,0,0,0,0,0,0,0,0,0,0,0,0,0,0,0,0,0,0,0,0
"18-140_10UP-Iso_103.fcs",10,1,0,0,0,0,0,0,0,0,0,0,0,0,0,0,0,0,0,0,0,0,0,0
"18-140_10UP-1_104.fcs",14169,2682,1604,192,167,49,12,155,20,43,152,97,70,5,13,1,0,13,0,2,13,8,5,0
"18-140_10UP-2_105.fcs",4,1,0,0,0,0,0,0,0,0,0,0,0,0,0,0,0,0,0,0,0,0,0,0
"18-140_10UR-Iso_106.fcs",2871,475,310,37,22,3,0,22,1,2,7,0,22,1,12,2,0,12,0,2,1,0,12,0
"18-140_10UR-1_107.fcs",3080,289,198,21,14,8,1,13,1,2,14,13,1,1,6,2,0,6,0,2,6,6,0,0
"18-140_10UR-2_108.fcs",13,2,1,0,0,0,0,0,0,0,0,0,0,0,0,0,0,0,0,0,0,0,0,0
"18-140_11UA-Iso_091.fcs",2634,128,45,5,4,0,0,4,0,1,1,0,4,0,0,0,0,0,0,0,0,0,0,0
"18-140_11UA-1_092.fcs",2575,107,51,5,4,3,3,1,3,1,4,3,1,0,1,1,0,1,0,0,1,1,0,0
"18-140_11UA-2_093.fcs",11,0,0,0,0,0,0,0,0,0,0,0,0,0,0,0,0,0,0,0,0,0,0,0
"18-140_11UD-Iso_094.fcs",22116,8946,4828,1978,672,18,11,661,5,47,6,6,666,28,980,25,7,973,9,28,14,13,967,22
"18-140_11UD-1_095.fcs",19089,7600,4059,1616,578,187,125,453,95,50,222,352,226,28,797,19,15,782,20,20,679,661,136,17
"18-140_11UD-2_096.fcs",5,1,1,0,0,0,0,0,0,0,0,0,0,0,0,0,0,0,0,0,0,0,0,0
"18-140_11UE-Iso_097.fcs",8903,3177,2506,1905,1083,23,3,1080,7,30,27,9,1074,23,646,19,2,644,8,20,24,11,635,11
"18-140_11UE-1_098.fcs",10478,3249,2446,1956,1098,152,93,1005,59,35,657,450,648,24,688,24,18,670,18,21,557,383,305,25
"18-140_11UE-2_099.fcs",3,0,0,0,0,0,0,0,0,0,0,0,0,0,0,0,0,0,0,0,0,0,0,0
"18-140_11UF-Iso_100.fcs",34754,19194,14503,11449,8620,4783,18,8602,55,201,61,43,8577,75,2442,1649,6,2436,21,30,31,30,2412,26
"18-140_11UF-1_101.fcs",34290,18672,14035,11129,8424,4886,188,8236,188,192,2636,3274,5150,72,2356,1571,10,2346,16,37,1260,1187,1169,24
"18-140_11UF-2_102.fcs",10,2,1,0,0,0,0,0,0,0,0,0,0,0,0,0,0,0,0,0,0,0,0,0
"18-140_11UG-Iso_103.fcs",15065,10040,8578,6619,4459,551,10,4449,29,58,33,33,4426,37,1241,268,3,1238,18,21,15,17,1222,16
"18-140_11UG-1_104.fcs",16705,11218,9494,7157,4899,751,43,4856,65,71,816,1885,3014,31,1567,371,9,1558,29,28,510,750,817,19
"18-140_11UG-2_105.fcs",15715,10173,8547,6497,4404,728,48,4356,77,53,931,1772,2632,29,1430,314,15,1415,24,27,613,671,759,28
"18-140_11UH-Iso_106.fcs",17,2,0,0,0,0,0,0,0,0,0,0,0,0,0,0,0,0,0,0,0,0,0,0
"18-140_11UH-1_107.fcs",3422,1409,727,33,21,5,3,18,1,0,3,9,12,0,4,0,0,4,0,0,2,1,3,0
"18-140_11UH-2_108.fcs",8,0,0,0,0,0,0,0,0,0,0,0,0,0,0,0,0,0,0,0,0,0,0,0
"18-140_12G-Iso_019.fcs",187241,180404,142269,97653,71111,381,114,70997,369,1767,118,195,70916,305,8923,62,25,8898,52,206,19,52,8871,74
"18-140_12G-1_020.fcs",187463,180367,143799,98842,73345,3919,6006,67339,1839,1894,1392,9196,64149,353,9611,89,115,9496,89,266,476,2944,6667,132
"18-140_12G-2_021.fcs",186580,179569,143637,98777,73176,3831,5920,67256,1829,1838,1529,9163,64013,361,9394,73,105,9289,84,223,510,2991,6403,154
"18-140_12J-Iso_022.fcs",131202,122047,111243,47095,31496,194,53,31443,169,1842,58,77,31419,145,3951,28,10,3941,22,147,25,27,3924,35
"18-140_12J-1_023.fcs",147466,135811,126770,54165,37925,3362,3290,34635,1381,2322,1639,4148,33777,193,5334,40,46,5288,56,191,653,955,4379,193
"18-140_12J-2_024.fcs",130803,121040,112897,48189,33891,3024,2944,30947,1294,2030,1030,3686,30205,189,4566,27,39,4527,56,175,476,854,3712,144
"18-140_12L-Iso_025.fcs",182910,174099,116909,80424,57734,365,118,57616,291,1586,82,105,57629,295,7379,40,14,7365,40,134,24,39,7340,55
"18-140_12L-1_026.fcs",185784,177104,117697,81528,59425,3692,4202,55223,1426,1662,1391,7379,52046,377,7726,53,59,7667,89,148,347,2056,5670,97
"18-140_12L-2_027.fcs",163918,156302,106667,73661,54137,3245,3786,50351,1161,1489,1101,6545,47592,358,6843,38,46,6797,85,105,256,1849,4994,80
"18-140_12N-Iso_028.fcs",181107,169935,130183,86166,72112,434,194,71918,383,2361,119,174,71938,322,5738,34,8,5730,32,307,16,31,5707,46
"18-140_12N-1_029.fcs",180986,170051,130053,86561,73392,3617,5598,67794,1877,2478,2215,7388,66004,520,6146,48,66,6080,56,306,464,1303,4843,141
"18-140_12N-2_030.fcs",178947,168324,130129,86039,72998,3631,5703,67295,1920,2345,2214,7309,65689,484,6035,40,47,5988,41,275,438,1268,4767,115
"18-140_12UA-Iso_043.fcs",1861,296,183,96,73,6,7,66,3,5,7,7,66,0,15,1,0,15,0,0,1,0,15,0
"18-140_12UA-1_044.fcs",1575,141,88,42,26,0,2,24,1,0,22,5,21,0,9,0,0,9,0,0,7,2,7,0
"18-140_12UA-2_045.fcs",1493,131,86,43,28,4,5,23,2,1,28,5,23,0,11,0,0,11,0,0,10,2,9,0
"18-140_12UB-Iso_046.fcs",11286,9531,7930,4162,2710,18,6,2704,14,74,8,7,2703,20,223,5,3,220,3,6,5,4,219,5
"18-140_12UB-1_047.fcs",14676,12053,11488,6528,5023,262,334,4689,81,143,423,462,4561,57,461,0,7,454,15,13,126,130,331,19
"18-140_12UB-2_048.fcs",12,1,1,0,0,0,0,0,0,0,0,0,0,0,0,0,0,0,0,0,0,0,0,0
"18-140_12UC-Iso_049.fcs",38270,35486,26863,19276,13407,80,19,13388,63,344,19,33,13374,62,1470,9,8,1462,12,29,8,21,1449,8
"18-140_12UC-1_050.fcs",33641,31048,25051,18264,13557,518,719,12838,273,381,233,1424,12133,82,1607,11,12,1595,17,29,64,425,1182,11
"18-140_12UC-2_051.fcs",11,2,0,0,0,0,0,0,0,0,0,0,0,0,0,0,0,0,0,0,0,0,0,0
"18-140_12UD-Iso_052.fcs",1725,322,227,35,18,0,1,17,0,1,1,1,17,0,9,0,0,9,1,0,6,0,9,0
"18-140_12UD-1_053.fcs",3128,565,356,35,8,4,3,5,2,2,6,2,6,0,25,1,0,25,1,0,24,6,19,0
"18-140_12UD-2_054.fcs",15,0,0,0,0,0,0,0,0,0,0,0,0,0,0,0,0,0,0,0,0,0,0,0
"18-140_12UE-Iso_055.fcs",17228,676,387,49,29,4,0,29,4,4,2,0,29,1,11,0,1,10,0,0,1,0,11,0
"18-140_12UE-1_056.fcs",17426,641,321,47,31,7,1,30,3,0,29,1,30,1,13,1,0,13,2,2,13,2,11,1
"18-140_12UE-2_057.fcs",5,0,0,0,0,0,0,0,0,0,0,0,0,0,0,0,0,0,0,0,0,0,0,0
"18-140_12UF-Iso_058.fcs",18348,168,142,0,0,0,0,0,0,0,0,0,0,0,0,0,0,0,0,0,0,0,0,0
"18-140_12UF-1_059.fcs",3811,92,75,1,1,0,0,1,0,0,0,0,1,0,0,0,0,0,0,0,0,0,0,0
"18-140_12UF-2_060.fcs",4,0,0,0,0,0,0,0,0,0,0,0,0,0,0,0,0,0,0,0,0,0,0,0
"18-140_12UG-Iso_061.fcs",6,2,0,0,0,0,0,0,0,0,0,0,0,0,0,0,0,0,0,0,0,0,0,0
"18-140_12UG-1_062.fcs",1104,738,605,23,10,6,2,8,3,0,5,7,3,0,9,0,0,9,0,0,6,4,5,0
"18-140_12UG-2_063.fcs",8,0,0,0,0,0,0,0,0,0,0,0,0,0,0,0,0,0,0,0,0,0,0,0
"18-140_12UK-Iso_064.fcs",4870,3653,3197,1162,925,6,1,924,6,18,5,0,925,16,99,2,0,99,1,3,0,1,98,1
"18-140_12UK-1_065.fcs",5370,4123,3682,1443,1170,112,70,1100,45,25,233,151,1019,20,155,10,0,155,1,3,48,62,93,4
"18-140_12UK-2_066.fcs",12,2,1,0,0,0,0,0,0,0,0,0,0,0,0,0,0,0,0,0,0,0,0,0
"18-140_12UM-Iso_067.fcs",9120,6251,2983,900,480,13,1,479,11,23,8,3,477,13,112,3,0,112,3,4,2,3,109,0
"18-140_12UM-1_068.fcs",10134,6594,3167,960,545,75,10,535,34,20,131,140,405,9,144,2,0,144,6,4,59,64,80,3
"18-140_12UM-2_069.fcs",14102,9222,4277,1361,743,85,13,730,37,27,193,220,523,14,210,9,1,209,8,10,89,111,99,4
"18-140_12UO-Iso_070.fcs",46394,39187,24806,10299,7454,67,25,7429,51,600,52,20,7434,106,942,14,8,934,14,48,10,17,926,14
"18-140_12UO-1_071.fcs",47431,39663,23692,11222,8168,1066,191,7977,441,603,1498,2310,5858,192,1090,30,9,1081,18,49,336,458,645,25
"18-140_12UO-2_072.fcs",43898,36160,20383,10501,7925,1060,171,7754,470,546,1583,2341,5584,57,1047,31,7,1040,7,43,332,503,558,19
"18-140_13L-Iso_031.fcs",190662,183851,151189,110052,69165,413,179,68986,360,2290,124,337,68828,285,31823,177,84,31739,147,404,59,162,31702,264
"18-140_13L-1_032.fcs",190313,183335,152518,111504,71127,2986,5125,66002,3195,2285,852,18264,52863,233,34313,69,223,34090,399,460,673,5122,29404,239
"18-140_13L-2_033.fcs",190835,184121,152702,111364,70897,3015,5208,65689,3198,2345,733,18499,52398,244,34256,87,224,34032,438,457,610,5167,29322,273
"18-140_13P-Iso_034.fcs",99011,90993,80160,32399,15097,91,35,15062,76,806,30,97,15000,71,10295,56,22,10273,60,161,25,53,10251,75
"18-140_13P-1_035.fcs",108986,101006,91292,36325,18277,1527,981,17296,911,1098,590,2648,15629,94,13580,49,46,13534,166,176,632,1023,12599,111
"18-140_13P-2_036.fcs",114251,105688,94704,37531,18531,1497,819,17712,875,991,536,2632,15899,80,14432,45,41,14391,144,188,661,1112,13370,120
"18-140_13R-Iso_037.fcs",171165,164010,89000,58617,35627,227,47,35580,156,1224,64,199,35428,165,17065,109,55,17010,79,167,36,79,17006,142
"18-140_13R-1_038.fcs",171099,164708,88573,58857,37078,2683,1966,35112,1703,1211,974,9109,27969,125,18228,77,89,18139,163,188,818,1862,16447,119
"18-140_13R-2_039.fcs",189833,182553,98542,65411,41292,3067,2282,39010,1842,1449,1238,10141,31151,113,20218,86,95,20123,188,235,1016,2082,18250,117
"18-140_13T-Iso_040.fcs",151314,140085,94448,70201,48216,301,68,48148,239,2019,77,245,47971,206,17654,99,23,17631,74,149,43,70,17606,136
"18-140_13T-1_041.fcs",146104,134989,88625,65750,45188,2602,3008,42180,1781,2033,1486,13521,31667,214,17268,71,40,17228,162,128,868,2492,14893,148
"18-140_13T-2_042.fcs",142656,131412,86503,64015,44015,2668,3120,40895,1703,2039,1278,13328,30686,232,16661,75,38,16623,167,129,805,2394,14374,173
"18-140_13UA-Iso_073.fcs",21,2,2,1,1,0,0,1,0,0,1,0,1,1,0,0,0,0,0,0,0,0,0,0
"18-140_13UA-1_074.fcs",8081,3304,1733,768,508,200,69,439,109,85,364,354,154,15,207,4,0,207,7,24,176,79,128,0
"18-140_13UA-2_075.fcs",12,0,0,0,0,0,0,0,0,0,0,0,0,0,0,0,0,0,0,0,0,0,0,0
"18-140_13UC-Iso_076.fcs",26933,14024,11130,4635,2513,25,9,2504,17,142,29,22,2491,15,1735,18,6,1729,13,61,20,4,1732,10
"18-140_13UC-1_077.fcs",31549,14656,11638,5256,2884,368,135,2749,171,162,891,1033,1851,13,2009,32,17,1992,33,76,925,450,1567,16
"18-140_13UC-2_078.fcs",31731,15153,12066,5337,2879,378,139,2740,160,157,935,1106,1773,14,2063,33,22,2041,34,68,1011,465,1619,13
"18-140_13UD-Iso_079.fcs",27792,17402,8362,4420,2425,14,9,2416,11,113,16,6,2419,16,1519,10,3,1516,10,29,5,10,1509,13
"18-140_13UD-1_080.fcs",36152,21359,9934,5346,2994,346,135,2859,232,130,867,1357,1637,19,2033,22,8,2025,19,46,751,588,1472,20
"18-140_13UD-2_081.fcs",36443,21347,10172,5579,3216,385,129,3087,254,148,928,1517,1699,26,1987,23,9,1978,25,48,707,599,1419,20
"18-140_13UF-Iso_082.fcs",34699,798,429,3,1,0,0,1,0,0,0,0,1,0,1,1,0,1,0,0,1,0,1,0
"18-140_13UF-1_083.fcs",32891,750,395,1,1,0,0,1,1,0,1,1,0,0,0,0,0,0,0,0,0,0,0,0
"18-140_13UF-2_084.fcs",32720,777,420,3,2,0,0,2,0,0,2,1,1,0,1,1,0,1,0,0,1,0,1,0
"18-140_13UH-Iso_085.fcs",27093,465,329,0,0,0,0,0,0,0,0,0,0,0,0,0,0,0,0,0,0,0,0,0
"18-140_13UH-1_086.fcs",30278,492,354,3,1,0,0,1,0,0,1,1,0,0,1,0,0,1,0,0,1,0,1,0
"18-140_13UH-2_087.fcs",7,0,0,0,0,0,0,0,0,0,0,0,0,0,0,0,0,0,0,0,0,0,0,0
"18-140_13UJ-Iso_088.fcs",1425,237,139,2,0,0,0,0,0,0,0,0,0,0,2,1,0,2,0,0,2,0,2,0
"18-140_13UJ-1_089.fcs",1724,241,115,1,1,1,0,1,1,0,1,1,0,0,0,0,0,0,0,0,0,0,0,0
"18-140_13UJ-2_090.fcs",1330,229,119,2,0,0,0,0,0,0,0,0,0,0,2,0,0,2,0,0,2,0,2,0
"18-140_13UM-Iso_091.fcs",850,67,22,0,0,0,0,0,0,0,0,0,0,0,0,0,0,0,0,0,0,0,0,0
"18-140_13UM-1_092.fcs",913,70,21,0,0,0,0,0,0,0,0,0,0,0,0,0,0,0,0,0,0,0,0,0
"18-140_13UM-2_093.fcs",968,77,27,0,0,0,0,0,0,0,0,0,0,0,0,0,0,0,0,0,0,0,0,0
"18-140_13UP-Iso_094.fcs",4908,1419,1262,460,204,7,1,203,6,9,9,1,203,5,185,3,0,185,0,5,3,1,184,2
"18-140_13UP-1_095.fcs",3617,1074,941,380,179,47,10,169,8,17,67,48,131,2,156,6,4,152,7,6,54,43,116,4
"18-140_13UP-2_096.fcs",3,0,0,0,0,0,0,0,0,0,0,0,0,0,0,0,0,0,0,0,0,0,0,0
"18-140_13US-Iso_097.fcs",8521,1523,1347,618,235,2,0,235,3,4,1,0,235,2,313,4,0,313,2,2,5,0,313,2
"18-140_13US-1_098.fcs",10504,1981,1741,833,279,50,21,258,8,12,146,138,141,6,454,4,2,452,5,4,277,93,369,3
"18-140_13US-2_099.fcs",10315,1738,1523,691,237,35,19,218,11,8,132,123,114,2,378,7,2,376,1,1,234,71,316,3
"18-140_13UW-Iso_100.fcs",40736,1580,871,23,9,1,0,9,1,1,2,0,9,0,8,1,0,8,1,0,1,0,8,0
"18-140_13UW-1_101.fcs",20831,1439,738,10,9,4,3,6,1,2,7,6,3,0,0,0,0,0,0,0,0,0,0,0
"18-140_13UW-2_102.fcs",24598,1629,785,19,11,7,2,9,4,3,8,7,4,0,6,1,1,5,1,0,4,2,4,1
"18-140_15UB-Iso_067.fcs",9957,592,210,3,2,0,2,0,0,0,0,1,1,0,0,0,0,0,0,0,0,0,0,0
"18-140_15UB-1_068.fcs",8227,433,195,2,0,0,0,0,0,0,0,0,0,0,2,0,0,2,0,0,2,0,2,0
"18-140_15UB-2_069.fcs",7079,308,155,6,4,1,0,4,1,1,4,2,2,1,2,0,0,2,1,0,2,2,0,0
"18-140_15UE-Iso_070.fcs",30341,23794,18473,8408,5605,31,12,5593,45,137,12,40,5565,34,2467,13,5,2462,19,60,8,24,2449,23
"18-140_15UE-1_071.fcs",12937,10460,8299,3850,2619,274,90,2529,135,95,220,420,2199,21,1093,19,4,1089,21,39,294,326,773,25
"18-140_15UE-2_072.fcs",12432,10231,8059,3809,2621,264,94,2527,136,78,221,400,2221,22,1060,30,3,1057,18,34,301,315,754,28
"18-140_15UG-Iso_073.fcs",27407,12430,6632,2739,1870,16,5,1865,12,56,14,9,1861,7,798,14,1,797,9,25,15,2,796,12
"18-140_15UG-1_074.fcs",29062,11927,6277,2555,1781,101,21,1760,69,57,451,509,1272,8,709,17,2,707,9,23,385,203,506,20
"18-140_15UG-2_075.fcs",26471,11227,6361,2596,1770,86,10,1760,50,39,418,542,1228,10,742,13,3,739,10,26,389,256,486,24
"18-140_15UI-Iso_076.fcs",9874,120,68,15,7,0,1,6,0,0,0,0,7,0,8,1,0,8,0,0,1,0,8,0
"18-140_15UI-1_077.fcs",9205,114,62,6,1,0,0,1,0,0,1,1,0,0,4,0,0,4,0,0,4,2,2,0
"18-140_15UI-2_078.fcs",9166,135,77,3,2,1,0,2,1,1,1,1,1,1,1,0,0,1,0,0,1,0,1,0
"18-140_15UM-Iso_079.fcs",1602,434,299,4,1,1,0,1,0,0,0,1,0,0,0,0,0,0,0,0,0,0,0,0
"18-140_15UM-1_080.fcs",1784,269,196,3,3,0,0,3,0,1,1,3,0,0,0,0,0,0,0,0,0,0,0,0
"18-140_15UM-2_081.fcs",3,0,0,0,0,0,0,0,0,0,0,0,0,0,0,0,0,0,0,0,0,0,0,0
"18-140_15UO-Iso_082.fcs",9,2,0,0,0,0,0,0,0,0,0,0,0,0,0,0,0,0,0,0,0,0,0,0
"18-140_15UO-1_083.fcs",3399,222,93,3,2,0,1,1,0,0,2,0,2,0,1,0,0,1,0,0,1,1,0,0
"18-140_15UO-2_084.fcs",0,0,0,0,0,0,0,0,0,0,0,0,0,0,0,0,0,0,0,0,0,0,0,0
"18-140_16A-Iso_019.fcs",192828,187379,150369,115882,98012,606,169,97843,484,1877,179,433,97579,463,15480,99,100,15380,127,259,120,67,15430,93
"18-140_16A-1_020.fcs",159512,154515,123838,94708,80120,2829,4566,75554,1913,1532,866,10737,69383,510,12522,29,114,12408,160,190,323,5410,7231,109
"18-140_16A-2_021.fcs",192247,186847,147823,113459,95562,3372,5359,90203,2101,1712,678,13100,82462,597,15458,37,164,15294,186,211,351,6576,9006,113
"18-140_16E-Iso_022.fcs",69767,65506,45605,17394,14207,95,36,14171,102,686,29,103,14104,64,2395,26,16,2379,21,140,18,48,2350,17
"18-140_16E-1_023.fcs",70822,66673,47190,17618,14315,378,452,13863,726,732,658,1334,12981,66,2559,11,27,2532,61,158,532,971,1605,28
"18-140_16E-2_024.fcs",86339,81080,57226,21658,17780,472,486,17294,913,911,721,1714,16066,79,3017,14,21,2996,62,194,526,1138,1908,36
"18-140_16G-Iso_025.fcs",151983,148730,102167,81890,70033,358,122,69911,371,1165,154,330,69703,314,10286,79,68,10218,77,121,72,48,10255,64
"18-140_16G-1_026.fcs",195251,190877,129951,104284,89232,3175,3972,85260,2431,1524,685,13111,76121,405,12957,43,131,12826,209,195,319,5135,7952,105
"18-140_16G-2_027.fcs",195135,190905,129765,103923,89069,3172,4180,84889,2482,1478,841,13614,75455,454,12885,64,146,12739,196,182,347,5131,7893,128
"18-140_16I-Iso_028.fcs",193279,185730,146928,113095,95257,512,205,95052,463,1747,227,398,94859,378,15466,120,123,15343,111,247,113,77,15411,109
"18-140_16I-1_029.fcs",192944,184889,145966,112591,94892,2449,4712,90180,2380,1683,1026,15591,79301,411,15460,29,162,15298,212,277,360,7426,8194,202
"18-140_16I-2_030.fcs",192915,184837,146080,112745,95112,2601,4884,90228,2769,1831,1192,16827,78284,335,15461,37,185,15276,224,257,494,7515,8105,209
"18-140_16L-Iso_031.fcs",196304,193425,134519,96889,81397,464,133,81264,504,1880,152,384,81013,360,13407,103,69,13338,94,216,84,80,13345,96
"18-140_16L-1_032.fcs",195614,192067,132717,96322,80892,2171,3308,77584,2402,1767,613,10981,69911,380,13106,13,68,13038,162,193,242,5984,7235,134
"18-140_16L-2_033.fcs",195753,192581,133825,97052,81481,2082,3205,78276,2112,1790,586,10528,70953,381,13370,28,83,13287,157,199,253,5935,7573,128
"18-140_16N-Iso_034.fcs",195316,190850,152263,119725,105580,576,226,105354,496,1539,216,517,105063,482,12324,84,47,12277,93,190,75,50,12291,75
"18-140_16N-1_035.fcs",195298,190618,151352,118822,104790,2842,5448,99342,2399,1504,1783,14944,89846,538,12173,50,84,12089,197,199,646,5151,7103,124
"18-140_16N-2_036.fcs",194819,189985,151066,118365,104107,2809,5436,98671,1981,1501,1973,13804,90303,714,12257,45,92,12165,162,189,640,4988,7367,205
"18-140_16UB-Iso_085.fcs",9,2,1,0,0,0,0,0,0,0,0,0,0,0,0,0,0,0,0,0,0,0,0,0
"18-140_16UB-1_086.fcs",823,61,27,7,1,0,0,1,0,0,1,0,1,0,3,1,3,0,0,0,2,1,2,1
"18-140_16UB-2_087.fcs",5,0,0,0,0,0,0,0,0,0,0,0,0,0,0,0,0,0,0,0,0,0,0,0
"18-140_16UF-Iso_088.fcs",37398,4829,4198,1817,1104,11,8,1096,9,47,21,5,1099,16,624,8,5,619,5,6,5,3,621,8
"18-140_16UF-1_089.fcs",35883,4807,4246,1896,1162,70,71,1091,33,49,323,212,950,18,649,20,3,646,11,10,271,460,191,9
"18-140_16UF-2_090.fcs",6,0,0,0,0,0,0,0,0,0,0,0,0,0,0,0,0,0,0,0,0,0,0,0
"18-140_16UH-Iso_091.fcs",27033,22400,7863,3901,2356,19,6,2350,20,98,24,12,2344,18,1374,11,4,1370,10,24,11,13,1367,8
"18-140_16UH-1_092.fcs",11718,9327,3342,1670,963,138,58,905,35,45,203,255,708,4,638,71,6,632,11,10,324,496,146,9
"18-140_16UH-2_093.fcs",31306,26601,8696,4495,2621,350,188,2433,109,106,783,754,1867,11,1668,188,10,1658,16,41,1054,1327,349,10
"18-140_16UJ-Iso_094.fcs",29232,619,401,69,36,0,0,36,1,0,8,0,36,0,26,1,0,26,1,1,3,0,26,0
"18-140_16UJ-1_095.fcs",7892,559,354,79,49,7,0,49,1,0,46,17,32,1,25,1,1,24,1,0,25,15,10,2
"18-140_16UJ-2_096.fcs",5,0,0,0,0,0,0,0,0,0,0,0,0,0,0,0,0,0,0,0,0,0,0,0
"18-140_16UO-Iso_097.fcs",8,4,3,3,1,0,0,1,0,0,1,0,1,0,1,0,0,1,0,0,0,0,1,0
"18-140_16UO-1_098.fcs",2896,2494,2122,1782,1532,52,84,1448,80,28,1304,382,1150,13,177,3,3,174,2,1,166,98,81,4
"18-140_16UO-2_099.fcs",9,0,0,0,0,0,0,0,0,0,0,0,0,0,0,0,0,0,0,0,0,0,0,0
